{"realtime_start": "2019-11-04", "seriess": [{"seasonal_adjustment": "Not Seasonally Adjusted", "last_updated": "2019-11-01 09:16:08-05", "frequency": "Monthly", "units": "Millions of Dollars", "notes": "Definitions related to the construction data can be found at https://www.census.gov/construction/c30/definitions.html\nMethodology details can be found at https://www.census.gov/construction/c30/methodology.html", "title": "Total Construction Spending: Commercial", "units_short": "Mil. of $", "seasonal_adjustment_short": "NSA", "realtime_end": "2019-11-04", "realtime_start": "2019-11-04", "observation_end": "2019-09-01", "id": "TLCOMCON", "frequency_short": "M", "popularity": 10, "observation_start": "2002-01-01"}], "realtime_end": "2019-11-04"}